[
  {
    "inputs": [],
    "name": "AccessControlBadConfirmation",
    "type": "error"
  },
  {
    "inputs": [
      {
        "internalType": "address",
        "name": "account",
        "type": "address"
      },
      {
        "internalType": "bytes32",
        "name": "neededRole",
        "type": "bytes32"
      }
    ],
    "name": "AccessControlUnauthorizedAccount",
    "type": "error"
  },
  {
    "inputs": [
      {
        "internalType": "address",
        "name": "target",
        "type": "address"
      }
    ],
    "name": "AddressEmptyCode",
    "type": "error"
  },
  {
    "inputs": [
      {
        "internalType": "address",
        "name": "account",
        "type": "address"
      }
    ],
    "name": "AddressInsufficientBalance",
    "type": "error"
  },
  {
    "inputs": [],
    "name": "ArityMismatch",
    "type": "error"
  },
  {
    "inputs": [
      {
        "internalType": "address",
        "name": "implementation",
        "type": "address"
      }
    ],
    "name": "ERC1967InvalidImplementation",
    "type": "error"
  },
  {
    "inputs": [],
    "name": "ERC1967NonPayable",
    "type": "error"
  },
  {
    "inputs": [],
    "name": "EnforcedPause",
    "type": "error"
  },
  {
    "inputs": [],
    "name": "ExpectedPause",
    "type": "error"
  },
  {
    "inputs": [],
    "name": "FailedInnerCall",
    "type": "error"
  },
  {
    "inputs": [],
    "name": "FileAlreadyAdded",
    "type": "error"
  },
  {
    "inputs": [],
    "name": "FileAlreadyVerified",
    "type": "error"
  },
  {
    "inputs": [],
    "name": "InvalidFileId",
    "type": "error"
  },
  {
    "inputs": [],
    "name": "InvalidInitialization",
    "type": "error"
  },
  {
    "inputs": [],
    "name": "InvalidStakeAmount",
    "type": "error"
  },
  {
    "inputs": [],
    "name": "InvalidValidatorStatus",
    "type": "error"
  },
  {
    "inputs": [],
    "name": "MasterKeyAlreadySet",
    "type": "error"
  },
  {
    "inputs": [],
    "name": "NotAllowed",
    "type": "error"
  },
  {
    "inputs": [],
    "name": "NotFileOwner",
    "type": "error"
  },
  {
    "inputs": [],
    "name": "NotFinalized",
    "type": "error"
  },
  {
    "inputs": [],
    "name": "NotInitializing",
    "type": "error"
  },
  {
    "inputs": [],
    "name": "NotValidatorOwner",
    "type": "error"
  },
  {
    "inputs": [],
    "name": "NothingToClaim",
    "type": "error"
  },
  {
    "inputs": [
      {
        "internalType": "address",
        "name": "owner",
        "type": "address"
      }
    ],
    "name": "OwnableInvalidOwner",
    "type": "error"
  },
  {
    "inputs": [
      {
        "internalType": "address",
        "name": "account",
        "type": "address"
      }
    ],
    "name": "OwnableUnauthorizedAccount",
    "type": "error"
  },
  {
    "inputs": [],
    "name": "ReentrancyGuardReentrantCall",
    "type": "error"
  },
  {
    "inputs": [
      {
        "internalType": "address",
        "name": "token",
        "type": "address"
      }
    ],
    "name": "SafeERC20FailedOperation",
    "type": "error"
  },
  {
    "inputs": [],
    "name": "TooManyValidators",
    "type": "error"
  },
  {
    "inputs": [],
    "name": "UUPSUnauthorizedCallContext",
    "type": "error"
  },
  {
    "inputs": [
      {
        "internalType": "bytes32",
        "name": "slot",
        "type": "bytes32"
      }
    ],
    "name": "UUPSUnsupportedProxiableUUID",
    "type": "error"
  },
  {
    "inputs": [],
    "name": "WithdrawNotAllowed",
    "type": "error"
  },
  {
    "anonymous": false,
    "inputs": [
      {
        "indexed": true,
        "internalType": "address",
        "name": "contributorAddress",
        "type": "address"
      },
      {
        "indexed": false,
        "internalType": "uint256",
        "name": "fileId",
        "type": "uint256"
      },
      {
        "indexed": false,
        "internalType": "uint256",
        "name": "amount",
        "type": "uint256"
      }
    ],
    "name": "ContributionRewardClaimed",
    "type": "event"
  },
  {
    "anonymous": false,
    "inputs": [
      {
        "indexed": false,
        "internalType": "uint256",
        "name": "epochId",
        "type": "uint256"
      }
    ],
    "name": "EpochCreated",
    "type": "event"
  },
  {
    "anonymous": false,
    "inputs": [
      {
        "indexed": false,
        "internalType": "uint256",
        "name": "newEpochRewardAmount",
        "type": "uint256"
      }
    ],
    "name": "EpochRewardAmountUpdated",
    "type": "event"
  },
  {
    "anonymous": false,
    "inputs": [
      {
        "indexed": false,
        "internalType": "address",
        "name": "validator",
        "type": "address"
      },
      {
        "indexed": false,
        "internalType": "uint256",
        "name": "epochId",
        "type": "uint256"
      },
      {
        "indexed": false,
        "internalType": "uint256",
        "name": "claimAmount",
        "type": "uint256"
      }
    ],
    "name": "EpochRewardClaimed",
    "type": "event"
  },
  {
    "anonymous": false,
    "inputs": [
      {
        "indexed": false,
        "internalType": "uint256",
        "name": "newEpochSize",
        "type": "uint256"
      }
    ],
    "name": "EpochSizeUpdated",
    "type": "event"
  },
  {
    "anonymous": false,
    "inputs": [
      {
        "indexed": true,
        "internalType": "address",
        "name": "contributorAddress",
        "type": "address"
      },
      {
        "indexed": false,
        "internalType": "uint256",
        "name": "fileId",
        "type": "uint256"
      }
    ],
    "name": "FileAdded",
    "type": "event"
  },
  {
    "anonymous": false,
    "inputs": [
      {
        "indexed": false,
        "internalType": "uint256",
        "name": "newFileRewardDelay",
        "type": "uint256"
      }
    ],
    "name": "FileRewardDelayUpdated",
    "type": "event"
  },
  {
    "anonymous": false,
    "inputs": [
      {
        "indexed": false,
        "internalType": "uint256",
        "name": "newFileRewardFactor",
        "type": "uint256"
      }
    ],
    "name": "FileRewardFactorUpdated",
    "type": "event"
  },
  {
    "anonymous": false,
    "inputs": [
      {
        "indexed": true,
        "internalType": "address",
        "name": "validatorAddress",
        "type": "address"
      },
      {
        "indexed": false,
        "internalType": "uint256",
        "name": "fileId",
        "type": "uint256"
      },
      {
        "indexed": false,
        "internalType": "uint256",
        "name": "score",
        "type": "uint256"
      }
    ],
    "name": "FileVerified",
    "type": "event"
  },
  {
    "anonymous": false,
    "inputs": [
      {
        "indexed": false,
        "internalType": "uint64",
        "name": "version",
        "type": "uint64"
      }
    ],
    "name": "Initialized",
    "type": "event"
  },
  {
    "anonymous": false,
    "inputs": [
      {
        "indexed": false,
        "internalType": "string",
        "name": "newMasterKey",
        "type": "string"
      }
    ],
    "name": "MasterKeySet",
    "type": "event"
  },
  {
    "anonymous": false,
    "inputs": [
      {
        "indexed": false,
        "internalType": "uint256",
        "name": "newMaxNumberOfValidators",
        "type": "uint256"
      }
    ],
    "name": "MaxNumberOfValidatorsUpdated",
    "type": "event"
  },
  {
    "anonymous": false,
    "inputs": [
      {
        "indexed": false,
        "internalType": "uint256",
        "name": "newMinStakeAmount",
        "type": "uint256"
      }
    ],
    "name": "MinStakeAmountUpdated",
    "type": "event"
  },
  {
    "anonymous": false,
    "inputs": [
      {
        "indexed": true,
        "internalType": "address",
        "name": "previousOwner",
        "type": "address"
      },
      {
        "indexed": true,
        "internalType": "address",
        "name": "newOwner",
        "type": "address"
      }
    ],
    "name": "OwnershipTransferStarted",
    "type": "event"
  },
  {
    "anonymous": false,
    "inputs": [
      {
        "indexed": true,
        "internalType": "address",
        "name": "previousOwner",
        "type": "address"
      },
      {
        "indexed": true,
        "internalType": "address",
        "name": "newOwner",
        "type": "address"
      }
    ],
    "name": "OwnershipTransferred",
    "type": "event"
  },
  {
    "anonymous": false,
    "inputs": [
      {
        "indexed": false,
        "internalType": "address",
        "name": "account",
        "type": "address"
      }
    ],
    "name": "Paused",
    "type": "event"
  },
  {
    "anonymous": false,
    "inputs": [
      {
        "indexed": true,
        "internalType": "bytes32",
        "name": "role",
        "type": "bytes32"
      },
      {
        "indexed": true,
        "internalType": "bytes32",
        "name": "previousAdminRole",
        "type": "bytes32"
      },
      {
        "indexed": true,
        "internalType": "bytes32",
        "name": "newAdminRole",
        "type": "bytes32"
      }
    ],
    "name": "RoleAdminChanged",
    "type": "event"
  },
  {
    "anonymous": false,
    "inputs": [
      {
        "indexed": true,
        "internalType": "bytes32",
        "name": "role",
        "type": "bytes32"
      },
      {
        "indexed": true,
        "internalType": "address",
        "name": "account",
        "type": "address"
      },
      {
        "indexed": true,
        "internalType": "address",
        "name": "sender",
        "type": "address"
      }
    ],
    "name": "RoleGranted",
    "type": "event"
  },
  {
    "anonymous": false,
    "inputs": [
      {
        "indexed": true,
        "internalType": "bytes32",
        "name": "role",
        "type": "bytes32"
      },
      {
        "indexed": true,
        "internalType": "address",
        "name": "account",
        "type": "address"
      },
      {
        "indexed": true,
        "internalType": "address",
        "name": "sender",
        "type": "address"
      }
    ],
    "name": "RoleRevoked",
    "type": "event"
  },
  {
    "anonymous": false,
    "inputs": [
      {
        "indexed": true,
        "internalType": "address",
        "name": "validatorAddress",
        "type": "address"
      },
      {
        "indexed": false,
        "internalType": "uint256",
        "name": "amount",
        "type": "uint256"
      },
      {
        "indexed": false,
        "internalType": "uint256",
        "name": "totalAmount",
        "type": "uint256"
      }
    ],
    "name": "Staked",
    "type": "event"
  },
  {
    "anonymous": false,
    "inputs": [
      {
        "indexed": false,
        "internalType": "address",
        "name": "account",
        "type": "address"
      }
    ],
    "name": "Unpaused",
    "type": "event"
  },
  {
    "anonymous": false,
    "inputs": [
      {
        "indexed": true,
        "internalType": "address",
        "name": "stakerAddress",
        "type": "address"
      },
      {
        "indexed": false,
        "internalType": "uint256",
        "name": "amount",
        "type": "uint256"
      }
    ],
    "name": "Unstaked",
    "type": "event"
  },
  {
    "anonymous": false,
    "inputs": [
      {
        "indexed": true,
        "internalType": "address",
        "name": "implementation",
        "type": "address"
      }
    ],
    "name": "Upgraded",
    "type": "event"
  },
  {
    "anonymous": false,
    "inputs": [
      {
        "indexed": false,
        "internalType": "uint256",
        "name": "newValidationPeriod",
        "type": "uint256"
      }
    ],
    "name": "ValidationPeriodUpdated",
    "type": "event"
  },
  {
    "anonymous": false,
    "inputs": [
      {
        "indexed": true,
        "internalType": "address",
        "name": "validatorAddress",
        "type": "address"
      }
    ],
    "name": "ValidatorApproved",
    "type": "event"
  },
  {
    "anonymous": false,
    "inputs": [
      {
        "indexed": true,
        "internalType": "address",
        "name": "validatorAddress",
        "type": "address"
      }
    ],
    "name": "ValidatorDeregistered",
    "type": "event"
  },
  {
    "anonymous": false,
    "inputs": [
      {
        "indexed": true,
        "internalType": "address",
        "name": "validatorAddress",
        "type": "address"
      },
      {
        "indexed": false,
        "internalType": "uint256",
        "name": "unstakedAmount",
        "type": "uint256"
      },
      {
        "indexed": false,
        "internalType": "uint256",
        "name": "penaltyAmount",
        "type": "uint256"
      }
    ],
    "name": "ValidatorDeregisteredByOwner",
    "type": "event"
  },
  {
    "anonymous": false,
    "inputs": [
      {
        "indexed": true,
        "internalType": "address",
        "name": "validatorAddress",
        "type": "address"
      },
      {
        "indexed": true,
        "internalType": "address",
        "name": "ownerAddress",
        "type": "address"
      },
      {
        "indexed": false,
        "internalType": "uint256",
        "name": "amount",
        "type": "uint256"
      }
    ],
    "name": "ValidatorRegistered",
    "type": "event"
  },
  {
    "anonymous": false,
    "inputs": [
      {
        "indexed": false,
        "internalType": "uint256",
        "name": "newValidatorScoreKappa",
        "type": "uint256"
      }
    ],
    "name": "ValidatorScoreKappaUpdated",
    "type": "event"
  },
  {
    "anonymous": false,
    "inputs": [
      {
        "indexed": false,
        "internalType": "uint256",
        "name": "newValidatorScoreMinTrust",
        "type": "uint256"
      }
    ],
    "name": "ValidatorScoreMinTrustUpdated",
    "type": "event"
  },
  {
    "anonymous": false,
    "inputs": [
      {
        "indexed": false,
        "internalType": "uint256",
        "name": "newValidatorScoreRho",
        "type": "uint256"
      }
    ],
    "name": "ValidatorScoreRhoUpdated",
    "type": "event"
  },
  {
    "anonymous": false,
    "inputs": [
      {
        "indexed": true,
        "internalType": "address",
        "name": "validatorAddress",
        "type": "address"
      }
    ],
    "name": "ValidatorUnregistered",
    "type": "event"
  },
  {
    "anonymous": false,
    "inputs": [
      {
        "indexed": true,
        "internalType": "address",
        "name": "validatorAddress",
        "type": "address"
      },
      {
        "indexed": false,
        "internalType": "address[]",
        "name": "validators",
        "type": "address[]"
      },
      {
        "indexed": false,
        "internalType": "uint256[]",
        "name": "weights",
        "type": "uint256[]"
      }
    ],
    "name": "WeightsUpdated",
    "type": "event"
  },
  {
    "inputs": [],
    "name": "DEFAULT_ADMIN_ROLE",
    "outputs": [
      {
        "internalType": "bytes32",
        "name": "",
        "type": "bytes32"
      }
    ],
    "stateMutability": "view",
    "type": "function"
  },
  {
    "inputs": [],
    "name": "UPGRADE_INTERFACE_VERSION",
    "outputs": [
      {
        "internalType": "string",
        "name": "",
        "type": "string"
      }
    ],
    "stateMutability": "view",
    "type": "function"
  },
  {
    "inputs": [],
    "name": "acceptOwnership",
    "outputs": [],
    "stateMutability": "nonpayable",
    "type": "function"
  },
  {
    "inputs": [
      {
        "internalType": "uint256",
        "name": "id",
        "type": "uint256"
      }
    ],
    "name": "activeValidatorsLists",
    "outputs": [
      {
        "internalType": "address[]",
        "name": "",
        "type": "address[]"
      }
    ],
    "stateMutability": "view",
    "type": "function"
  },
  {
    "inputs": [],
    "name": "activeValidatorsListsCount",
    "outputs": [
      {
        "internalType": "uint256",
        "name": "",
        "type": "uint256"
      }
    ],
    "stateMutability": "view",
    "type": "function"
  },
  {
    "inputs": [
      {
        "internalType": "string",
        "name": "url",
        "type": "string"
      },
      {
        "internalType": "string",
        "name": "encryptedKey",
        "type": "string"
      }
    ],
    "name": "addFile",
    "outputs": [],
    "stateMutability": "nonpayable",
    "type": "function"
  },
  {
    "inputs": [
      {
        "internalType": "uint256",
        "name": "validatorsRewardAmount",
        "type": "uint256"
      }
    ],
    "name": "addRewardForValidators",
    "outputs": [],
    "stateMutability": "nonpayable",
    "type": "function"
  },
  {
    "inputs": [
      {
        "internalType": "uint256",
        "name": "contributorsRewardAmount",
        "type": "uint256"
      }
    ],
    "name": "addRewardsForContributors",
    "outputs": [],
    "stateMutability": "nonpayable",
    "type": "function"
  },
  {
    "inputs": [
      {
        "internalType": "bytes32",
        "name": "userId",
        "type": "bytes32"
      },
      {
        "internalType": "address",
        "name": "newOwner",
        "type": "address"
      }
    ],
    "name": "addUserIdOwner",
    "outputs": [],
    "stateMutability": "nonpayable",
    "type": "function"
  },
  {
    "inputs": [
      {
        "internalType": "address",
        "name": "validatorAddress",
        "type": "address"
      }
    ],
    "name": "approveValidator",
    "outputs": [],
    "stateMutability": "nonpayable",
    "type": "function"
  },
  {
    "inputs": [
      {
        "internalType": "uint256",
        "name": "fileId",
        "type": "uint256"
      }
    ],
    "name": "claimContributionReward",
    "outputs": [],
    "stateMutability": "nonpayable",
    "type": "function"
  },
  {
    "inputs": [
      {
        "internalType": "address",
        "name": "validatorAddress",
        "type": "address"
      },
      {
        "internalType": "uint256",
        "name": "epochNumber",
        "type": "uint256"
      }
    ],
    "name": "claimUnsentReward",
    "outputs": [],
    "stateMutability": "nonpayable",
    "type": "function"
  },
  {
    "inputs": [
      {
        "internalType": "address",
        "name": "contributorAddress",
        "type": "address"
      },
      {
        "internalType": "uint256",
        "name": "index",
        "type": "uint256"
      }
    ],
    "name": "contributorFiles",
    "outputs": [
      {
        "components": [
          {
            "internalType": "uint256",
            "name": "fileId",
            "type": "uint256"
          },
          {
            "internalType": "address",
            "name": "ownerAddress",
            "type": "address"
          },
          {
            "internalType": "string",
            "name": "url",
            "type": "string"
          },
          {
            "internalType": "string",
            "name": "encryptedKey",
            "type": "string"
          },
          {
            "internalType": "uint256",
            "name": "addedTimestamp",
            "type": "uint256"
          },
          {
            "internalType": "uint256",
            "name": "addedAtBlock",
            "type": "uint256"
          },
          {
            "internalType": "bool",
            "name": "valid",
            "type": "bool"
          },
          {
            "internalType": "bool",
            "name": "finalized",
            "type": "bool"
          },
          {
            "internalType": "uint256",
            "name": "score",
            "type": "uint256"
          },
          {
            "internalType": "uint256",
            "name": "authenticity",
            "type": "uint256"
          },
          {
            "internalType": "uint256",
            "name": "ownership",
            "type": "uint256"
          },
          {
            "internalType": "uint256",
            "name": "quality",
            "type": "uint256"
          },
          {
            "internalType": "uint256",
            "name": "uniqueness",
            "type": "uint256"
          },
          {
            "internalType": "uint256",
            "name": "reward",
            "type": "uint256"
          },
          {
            "internalType": "uint256",
            "name": "rewardWithdrawn",
            "type": "uint256"
          },
          {
            "internalType": "uint256",
            "name": "verificationsCount",
            "type": "uint256"
          }
        ],
        "internalType": "struct IDataLiquidityPool.FileResponse",
        "name": "",
        "type": "tuple"
      }
    ],
    "stateMutability": "view",
    "type": "function"
  },
  {
    "inputs": [
      {
        "internalType": "address",
        "name": "contributorAddress",
        "type": "address"
      }
    ],
    "name": "contributorInfo",
    "outputs": [
      {
        "components": [
          {
            "internalType": "address",
            "name": "contributorAddress",
            "type": "address"
          },
          {
            "internalType": "uint256",
            "name": "fileIdsCount",
            "type": "uint256"
          }
        ],
        "internalType": "struct IDataLiquidityPool.ContributorInfoResponse",
        "name": "",
        "type": "tuple"
      }
    ],
    "stateMutability": "view",
    "type": "function"
  },
  {
    "inputs": [
      {
        "internalType": "uint256",
        "name": "index",
        "type": "uint256"
      }
    ],
    "name": "contributors",
    "outputs": [
      {
        "components": [
          {
            "internalType": "address",
            "name": "contributorAddress",
            "type": "address"
          },
          {
            "internalType": "uint256",
            "name": "fileIdsCount",
            "type": "uint256"
          }
        ],
        "internalType": "struct IDataLiquidityPool.ContributorInfoResponse",
        "name": "",
        "type": "tuple"
      }
    ],
    "stateMutability": "view",
    "type": "function"
  },
  {
    "inputs": [],
    "name": "contributorsCount",
    "outputs": [
      {
        "internalType": "uint256",
        "name": "",
        "type": "uint256"
      }
    ],
    "stateMutability": "view",
    "type": "function"
  },
  {
    "inputs": [],
    "name": "createEpochs",
    "outputs": [],
    "stateMutability": "nonpayable",
    "type": "function"
  },
  {
    "inputs": [
      {
        "internalType": "uint256",
        "name": "blockNumber",
        "type": "uint256"
      }
    ],
    "name": "createEpochsUntilBlockNumber",
    "outputs": [],
    "stateMutability": "nonpayable",
    "type": "function"
  },
  {
    "inputs": [
      {
        "internalType": "address",
        "name": "validatorAddress",
        "type": "address"
      }
    ],
    "name": "deregisterValidator",
    "outputs": [],
    "stateMutability": "nonpayable",
    "type": "function"
  },
  {
    "inputs": [
      {
        "internalType": "address",
        "name": "validatorAddress",
        "type": "address"
      },
      {
        "internalType": "uint256",
        "name": "unstakeAmount",
        "type": "uint256"
      }
    ],
    "name": "deregisterValidatorByOwner",
    "outputs": [],
    "stateMutability": "nonpayable",
    "type": "function"
  },
  {
    "inputs": [],
    "name": "epochRewardAmount",
    "outputs": [
      {
        "internalType": "uint256",
        "name": "",
        "type": "uint256"
      }
    ],
    "stateMutability": "view",
    "type": "function"
  },
  {
    "inputs": [
      {
        "internalType": "uint256",
        "name": "epochId",
        "type": "uint256"
      }
    ],
    "name": "epochRewards",
    "outputs": [
      {
        "internalType": "address[]",
        "name": "validators",
        "type": "address[]"
      },
      {
        "internalType": "uint256[]",
        "name": "scores",
        "type": "uint256[]"
      },
      {
        "internalType": "uint256[]",
        "name": "withdrawnAmounts",
        "type": "uint256[]"
      }
    ],
    "stateMutability": "view",
    "type": "function"
  },
  {
    "inputs": [],
    "name": "epochSize",
    "outputs": [
      {
        "internalType": "uint256",
        "name": "",
        "type": "uint256"
      }
    ],
    "stateMutability": "view",
    "type": "function"
  },
  {
    "inputs": [
      {
        "internalType": "uint256",
        "name": "epochId",
        "type": "uint256"
      }
    ],
    "name": "epochs",
    "outputs": [
      {
        "components": [
          {
            "internalType": "uint256",
            "name": "startBlock",
            "type": "uint256"
          },
          {
            "internalType": "uint256",
            "name": "endBlock",
            "type": "uint256"
          },
          {
            "internalType": "uint256",
            "name": "reward",
            "type": "uint256"
          },
          {
            "internalType": "uint256",
            "name": "validatorsListId",
            "type": "uint256"
          }
        ],
        "internalType": "struct IDataLiquidityPool.EpochResponse",
        "name": "",
        "type": "tuple"
      }
    ],
    "stateMutability": "view",
    "type": "function"
  },
  {
    "inputs": [],
    "name": "epochsCount",
    "outputs": [
      {
        "internalType": "uint256",
        "name": "",
        "type": "uint256"
      }
    ],
    "stateMutability": "view",
    "type": "function"
  },
  {
    "inputs": [],
    "name": "fileRewardDelay",
    "outputs": [
      {
        "internalType": "uint256",
        "name": "",
        "type": "uint256"
      }
    ],
    "stateMutability": "view",
    "type": "function"
  },
  {
    "inputs": [],
    "name": "fileRewardFactor",
    "outputs": [
      {
        "internalType": "uint256",
        "name": "",
        "type": "uint256"
      }
    ],
    "stateMutability": "view",
    "type": "function"
  },
  {
    "inputs": [
      {
        "internalType": "uint256",
        "name": "fileId",
        "type": "uint256"
      },
      {
        "internalType": "address",
        "name": "validatorAddress",
        "type": "address"
      }
    ],
    "name": "fileScores",
    "outputs": [
      {
        "components": [
          {
            "internalType": "bool",
            "name": "valid",
            "type": "bool"
          },
          {
            "internalType": "uint256",
            "name": "score",
            "type": "uint256"
          },
          {
            "internalType": "uint256",
            "name": "reportedAtBlock",
            "type": "uint256"
          },
          {
            "internalType": "uint256",
            "name": "authenticity",
            "type": "uint256"
          },
          {
            "internalType": "uint256",
            "name": "ownership",
            "type": "uint256"
          },
          {
            "internalType": "uint256",
            "name": "quality",
            "type": "uint256"
          },
          {
            "internalType": "uint256",
            "name": "uniqueness",
            "type": "uint256"
          }
        ],
        "internalType": "struct IDataLiquidityPool.FileScore",
        "name": "",
        "type": "tuple"
      }
    ],
    "stateMutability": "view",
    "type": "function"
  },
  {
    "inputs": [
      {
        "internalType": "uint256",
        "name": "fileId",
        "type": "uint256"
      }
    ],
    "name": "files",
    "outputs": [
      {
        "components": [
          {
            "internalType": "uint256",
            "name": "fileId",
            "type": "uint256"
          },
          {
            "internalType": "address",
            "name": "ownerAddress",
            "type": "address"
          },
          {
            "internalType": "string",
            "name": "url",
            "type": "string"
          },
          {
            "internalType": "string",
            "name": "encryptedKey",
            "type": "string"
          },
          {
            "internalType": "uint256",
            "name": "addedTimestamp",
            "type": "uint256"
          },
          {
            "internalType": "uint256",
            "name": "addedAtBlock",
            "type": "uint256"
          },
          {
            "internalType": "bool",
            "name": "valid",
            "type": "bool"
          },
          {
            "internalType": "bool",
            "name": "finalized",
            "type": "bool"
          },
          {
            "internalType": "uint256",
            "name": "score",
            "type": "uint256"
          },
          {
            "internalType": "uint256",
            "name": "authenticity",
            "type": "uint256"
          },
          {
            "internalType": "uint256",
            "name": "ownership",
            "type": "uint256"
          },
          {
            "internalType": "uint256",
            "name": "quality",
            "type": "uint256"
          },
          {
            "internalType": "uint256",
            "name": "uniqueness",
            "type": "uint256"
          },
          {
            "internalType": "uint256",
            "name": "reward",
            "type": "uint256"
          },
          {
            "internalType": "uint256",
            "name": "rewardWithdrawn",
            "type": "uint256"
          },
          {
            "internalType": "uint256",
            "name": "verificationsCount",
            "type": "uint256"
          }
        ],
        "internalType": "struct IDataLiquidityPool.FileResponse",
        "name": "",
        "type": "tuple"
      }
    ],
    "stateMutability": "view",
    "type": "function"
  },
  {
    "inputs": [],
    "name": "filesCount",
    "outputs": [
      {
        "internalType": "uint256",
        "name": "",
        "type": "uint256"
      }
    ],
    "stateMutability": "view",
    "type": "function"
  },
  {
    "inputs": [
      {
        "internalType": "uint256",
        "name": "epochNumber",
        "type": "uint256"
      }
    ],
    "name": "getEmissionScores",
    "outputs": [
      {
        "internalType": "uint256[]",
        "name": "",
        "type": "uint256[]"
      }
    ],
    "stateMutability": "view",
    "type": "function"
  },
  {
    "inputs": [
      {
        "internalType": "address",
        "name": "validatorAddress",
        "type": "address"
      }
    ],
    "name": "getNextFileToVerify",
    "outputs": [
      {
        "components": [
          {
            "internalType": "uint256",
            "name": "fileId",
            "type": "uint256"
          },
          {
            "internalType": "address",
            "name": "ownerAddress",
            "type": "address"
          },
          {
            "internalType": "string",
            "name": "url",
            "type": "string"
          },
          {
            "internalType": "string",
            "name": "encryptedKey",
            "type": "string"
          },
          {
            "internalType": "uint256",
            "name": "addedTimestamp",
            "type": "uint256"
          },
          {
            "internalType": "uint256",
            "name": "addedAtBlock",
            "type": "uint256"
          },
          {
            "internalType": "bool",
            "name": "valid",
            "type": "bool"
          },
          {
            "internalType": "bool",
            "name": "finalized",
            "type": "bool"
          },
          {
            "internalType": "uint256",
            "name": "score",
            "type": "uint256"
          },
          {
            "internalType": "uint256",
            "name": "authenticity",
            "type": "uint256"
          },
          {
            "internalType": "uint256",
            "name": "ownership",
            "type": "uint256"
          },
          {
            "internalType": "uint256",
            "name": "quality",
            "type": "uint256"
          },
          {
            "internalType": "uint256",
            "name": "uniqueness",
            "type": "uint256"
          },
          {
            "internalType": "uint256",
            "name": "reward",
            "type": "uint256"
          },
          {
            "internalType": "uint256",
            "name": "rewardWithdrawn",
            "type": "uint256"
          },
          {
            "internalType": "uint256",
            "name": "verificationsCount",
            "type": "uint256"
          }
        ],
        "internalType": "struct IDataLiquidityPool.FileResponse",
        "name": "",
        "type": "tuple"
      }
    ],
    "stateMutability": "view",
    "type": "function"
  },
  {
    "inputs": [
      {
        "internalType": "bytes32",
        "name": "role",
        "type": "bytes32"
      }
    ],
    "name": "getRoleAdmin",
    "outputs": [
      {
        "internalType": "bytes32",
        "name": "",
        "type": "bytes32"
      }
    ],
    "stateMutability": "view",
    "type": "function"
  },
  {
    "inputs": [
      {
        "internalType": "bytes32",
        "name": "userId",
        "type": "bytes32"
      }
    ],
    "name": "getUserIdTweetCount",
    "outputs": [
      {
        "internalType": "uint256",
        "name": "",
        "type": "uint256"
      }
    ],
    "stateMutability": "view",
    "type": "function"
  },
  {
    "inputs": [
      {
        "internalType": "bytes32",
        "name": "userId",
        "type": "bytes32"
      }
    ],
    "name": "getUserIdTweetScore",
    "outputs": [
      {
        "internalType": "uint256",
        "name": "",
        "type": "uint256"
      }
    ],
    "stateMutability": "view",
    "type": "function"
  },
  {
    "inputs": [
      {
        "internalType": "bytes32",
        "name": "role",
        "type": "bytes32"
      },
      {
        "internalType": "address",
        "name": "account",
        "type": "address"
      }
    ],
    "name": "grantRole",
    "outputs": [],
    "stateMutability": "nonpayable",
    "type": "function"
  },
  {
    "inputs": [
      {
        "internalType": "bytes32",
        "name": "role",
        "type": "bytes32"
      },
      {
        "internalType": "address",
        "name": "account",
        "type": "address"
      }
    ],
    "name": "hasRole",
    "outputs": [
      {
        "internalType": "bool",
        "name": "",
        "type": "bool"
      }
    ],
    "stateMutability": "view",
    "type": "function"
  },
  {
    "inputs": [
      {
        "internalType": "uint256[]",
        "name": "tweetIds",
        "type": "uint256[]"
      }
    ],
    "name": "hasTweetIds",
    "outputs": [
      {
        "internalType": "bool[]",
        "name": "",
        "type": "bool[]"
      }
    ],
    "stateMutability": "view",
    "type": "function"
  },
  {
    "inputs": [
      {
        "components": [
          {
            "internalType": "string",
            "name": "name",
            "type": "string"
          },
          {
            "internalType": "address",
            "name": "ownerAddress",
            "type": "address"
          },
          {
            "internalType": "address",
            "name": "tokenAddress",
            "type": "address"
          },
          {
            "internalType": "uint256",
            "name": "newMaxNumberOfValidators",
            "type": "uint256"
          },
          {
            "internalType": "uint256",
            "name": "newValidatorScoreMinTrust",
            "type": "uint256"
          },
          {
            "internalType": "uint256",
            "name": "newValidatorScoreKappa",
            "type": "uint256"
          },
          {
            "internalType": "uint256",
            "name": "newValidatorScoreRho",
            "type": "uint256"
          },
          {
            "internalType": "uint256",
            "name": "newValidationPeriod",
            "type": "uint256"
          },
          {
            "internalType": "uint256",
            "name": "newMinStakeAmount",
            "type": "uint256"
          },
          {
            "internalType": "uint256",
            "name": "startBlock",
            "type": "uint256"
          },
          {
            "internalType": "uint256",
            "name": "newEpochSize",
            "type": "uint256"
          },
          {
            "internalType": "uint256",
            "name": "newEpochRewardAmount",
            "type": "uint256"
          },
          {
            "internalType": "uint256",
            "name": "newFileRewardFactor",
            "type": "uint256"
          },
          {
            "internalType": "uint256",
            "name": "newFileRewardDelay",
            "type": "uint256"
          }
        ],
        "internalType": "struct DataLiquidityPool.InitParams",
        "name": "params",
        "type": "tuple"
      }
    ],
    "name": "initialize",
    "outputs": [],
    "stateMutability": "nonpayable",
    "type": "function"
  },
  {
    "inputs": [],
    "name": "lastFinalizedFileId",
    "outputs": [
      {
        "internalType": "uint256",
        "name": "",
        "type": "uint256"
      }
    ],
    "stateMutability": "view",
    "type": "function"
  },
  {
    "inputs": [],
    "name": "masterKey",
    "outputs": [
      {
        "internalType": "string",
        "name": "",
        "type": "string"
      }
    ],
    "stateMutability": "view",
    "type": "function"
  },
  {
    "inputs": [],
    "name": "maxNumberOfValidators",
    "outputs": [
      {
        "internalType": "uint256",
        "name": "",
        "type": "uint256"
      }
    ],
    "stateMutability": "view",
    "type": "function"
  },
  {
    "inputs": [],
    "name": "minStakeAmount",
    "outputs": [
      {
        "internalType": "uint256",
        "name": "",
        "type": "uint256"
      }
    ],
    "stateMutability": "view",
    "type": "function"
  },
  {
    "inputs": [],
    "name": "name",
    "outputs": [
      {
        "internalType": "string",
        "name": "",
        "type": "string"
      }
    ],
    "stateMutability": "view",
    "type": "function"
  },
  {
    "inputs": [],
    "name": "owner",
    "outputs": [
      {
        "internalType": "address",
        "name": "",
        "type": "address"
      }
    ],
    "stateMutability": "view",
    "type": "function"
  },
  {
    "inputs": [],
    "name": "pause",
    "outputs": [],
    "stateMutability": "nonpayable",
    "type": "function"
  },
  {
    "inputs": [],
    "name": "paused",
    "outputs": [
      {
        "internalType": "bool",
        "name": "",
        "type": "bool"
      }
    ],
    "stateMutability": "view",
    "type": "function"
  },
  {
    "inputs": [],
    "name": "pendingOwner",
    "outputs": [
      {
        "internalType": "address",
        "name": "",
        "type": "address"
      }
    ],
    "stateMutability": "view",
    "type": "function"
  },
  {
    "inputs": [],
    "name": "proxiableUUID",
    "outputs": [
      {
        "internalType": "bytes32",
        "name": "",
        "type": "bytes32"
      }
    ],
    "stateMutability": "view",
    "type": "function"
  },
  {
    "inputs": [
      {
        "internalType": "uint256",
        "name": "xWAD",
        "type": "uint256"
      },
      {
        "internalType": "uint256",
        "name": "aWAD",
        "type": "uint256"
      },
      {
        "internalType": "uint256",
        "name": "pWAD",
        "type": "uint256"
      },
      {
        "internalType": "uint256",
        "name": "kWAD",
        "type": "uint256"
      },
      {
        "internalType": "uint256",
        "name": "cWAD",
        "type": "uint256"
      }
    ],
    "name": "rationalSigmoid",
    "outputs": [
      {
        "internalType": "uint256",
        "name": "",
        "type": "uint256"
      }
    ],
    "stateMutability": "pure",
    "type": "function"
  },
  {
    "inputs": [
      {
        "internalType": "address",
        "name": "validatorAddress",
        "type": "address"
      },
      {
        "internalType": "address",
        "name": "validatorOwnerAddress",
        "type": "address"
      },
      {
        "internalType": "uint256",
        "name": "stakeAmount",
        "type": "uint256"
      }
    ],
    "name": "registerValidator",
    "outputs": [],
    "stateMutability": "nonpayable",
    "type": "function"
  },
  {
    "inputs": [],
    "name": "renounceOwnership",
    "outputs": [],
    "stateMutability": "nonpayable",
    "type": "function"
  },
  {
    "inputs": [
      {
        "internalType": "bytes32",
        "name": "role",
        "type": "bytes32"
      },
      {
        "internalType": "address",
        "name": "callerConfirmation",
        "type": "address"
      }
    ],
    "name": "renounceRole",
    "outputs": [],
    "stateMutability": "nonpayable",
    "type": "function"
  },
  {
    "inputs": [
      {
        "internalType": "bytes32",
        "name": "role",
        "type": "bytes32"
      },
      {
        "internalType": "address",
        "name": "account",
        "type": "address"
      }
    ],
    "name": "revokeRole",
    "outputs": [],
    "stateMutability": "nonpayable",
    "type": "function"
  },
  {
    "inputs": [
      {
        "internalType": "string",
        "name": "newMasterKey",
        "type": "string"
      }
    ],
    "name": "setMasterKey",
    "outputs": [],
    "stateMutability": "nonpayable",
    "type": "function"
  },
  {
    "inputs": [
      {
        "internalType": "bytes4",
        "name": "interfaceId",
        "type": "bytes4"
      }
    ],
    "name": "supportsInterface",
    "outputs": [
      {
        "internalType": "bool",
        "name": "",
        "type": "bool"
      }
    ],
    "stateMutability": "view",
    "type": "function"
  },
  {
    "inputs": [],
    "name": "token",
    "outputs": [
      {
        "internalType": "contract IERC20",
        "name": "",
        "type": "address"
      }
    ],
    "stateMutability": "view",
    "type": "function"
  },
  {
    "inputs": [],
    "name": "totalContributorsRewardAmount",
    "outputs": [
      {
        "internalType": "uint256",
        "name": "",
        "type": "uint256"
      }
    ],
    "stateMutability": "view",
    "type": "function"
  },
  {
    "inputs": [],
    "name": "totalStaked",
    "outputs": [
      {
        "internalType": "uint256",
        "name": "",
        "type": "uint256"
      }
    ],
    "stateMutability": "view",
    "type": "function"
  },
  {
    "inputs": [],
    "name": "totalValidatorsRewardAmount",
    "outputs": [
      {
        "internalType": "uint256",
        "name": "",
        "type": "uint256"
      }
    ],
    "stateMutability": "view",
    "type": "function"
  },
  {
    "inputs": [
      {
        "internalType": "address",
        "name": "newOwner",
        "type": "address"
      }
    ],
    "name": "transferOwnership",
    "outputs": [],
    "stateMutability": "nonpayable",
    "type": "function"
  },
  {
    "inputs": [],
    "name": "unpause",
    "outputs": [],
    "stateMutability": "nonpayable",
    "type": "function"
  },
  {
    "inputs": [
      {
        "internalType": "uint256",
        "name": "newEpochRewardAmount",
        "type": "uint256"
      }
    ],
    "name": "updateEpochRewardAmount",
    "outputs": [],
    "stateMutability": "nonpayable",
    "type": "function"
  },
  {
    "inputs": [
      {
        "internalType": "uint256",
        "name": "newEpochSize",
        "type": "uint256"
      }
    ],
    "name": "updateEpochSize",
    "outputs": [],
    "stateMutability": "nonpayable",
    "type": "function"
  },
  {
    "inputs": [
      {
        "internalType": "uint256",
        "name": "newFileRewardDelay",
        "type": "uint256"
      }
    ],
    "name": "updateFileRewardDelay",
    "outputs": [],
    "stateMutability": "nonpayable",
    "type": "function"
  },
  {
    "inputs": [
      {
        "internalType": "uint256",
        "name": "newFileRewardFactor",
        "type": "uint256"
      }
    ],
    "name": "updateFileRewardFactor",
    "outputs": [],
    "stateMutability": "nonpayable",
    "type": "function"
  },
  {
    "inputs": [
      {
        "internalType": "uint256",
        "name": "newMaxNumberOfValidators",
        "type": "uint256"
      }
    ],
    "name": "updateMaxNumberOfValidators",
    "outputs": [],
    "stateMutability": "nonpayable",
    "type": "function"
  },
  {
    "inputs": [
      {
        "internalType": "uint256",
        "name": "newMinStakeAmount",
        "type": "uint256"
      }
    ],
    "name": "updateMinStakeAmount",
    "outputs": [],
    "stateMutability": "nonpayable",
    "type": "function"
  },
  {
    "inputs": [
      {
        "internalType": "uint256",
        "name": "newValidationPeriod",
        "type": "uint256"
      }
    ],
    "name": "updateValidationPeriod",
    "outputs": [],
    "stateMutability": "nonpayable",
    "type": "function"
  },
  {
    "inputs": [
      {
        "internalType": "uint256",
        "name": "newValidatorScoreKappa",
        "type": "uint256"
      }
    ],
    "name": "updateValidatorScoreKappa",
    "outputs": [],
    "stateMutability": "nonpayable",
    "type": "function"
  },
  {
    "inputs": [
      {
        "internalType": "uint256",
        "name": "newValidatorScoreMinTrust",
        "type": "uint256"
      }
    ],
    "name": "updateValidatorScoreMinTrust",
    "outputs": [],
    "stateMutability": "nonpayable",
    "type": "function"
  },
  {
    "inputs": [
      {
        "internalType": "uint256",
        "name": "newValidatorScoreRho",
        "type": "uint256"
      }
    ],
    "name": "updateValidatorScoreRho",
    "outputs": [],
    "stateMutability": "nonpayable",
    "type": "function"
  },
  {
    "inputs": [
      {
        "internalType": "address[]",
        "name": "validators",
        "type": "address[]"
      },
      {
        "internalType": "uint256[]",
        "name": "weights",
        "type": "uint256[]"
      }
    ],
    "name": "updateWeights",
    "outputs": [],
    "stateMutability": "nonpayable",
    "type": "function"
  },
  {
    "inputs": [
      {
        "internalType": "address",
        "name": "newImplementation",
        "type": "address"
      },
      {
        "internalType": "bytes",
        "name": "data",
        "type": "bytes"
      }
    ],
    "name": "upgradeToAndCall",
    "outputs": [],
    "stateMutability": "payable",
    "type": "function"
  },
  {
    "inputs": [],
    "name": "validationPeriod",
    "outputs": [
      {
        "internalType": "uint256",
        "name": "",
        "type": "uint256"
      }
    ],
    "stateMutability": "view",
    "type": "function"
  },
  {
    "inputs": [],
    "name": "validatorScoreKappa",
    "outputs": [
      {
        "internalType": "uint256",
        "name": "",
        "type": "uint256"
      }
    ],
    "stateMutability": "view",
    "type": "function"
  },
  {
    "inputs": [],
    "name": "validatorScoreMinTrust",
    "outputs": [
      {
        "internalType": "uint256",
        "name": "",
        "type": "uint256"
      }
    ],
    "stateMutability": "view",
    "type": "function"
  },
  {
    "inputs": [],
    "name": "validatorScoreRho",
    "outputs": [
      {
        "internalType": "uint256",
        "name": "",
        "type": "uint256"
      }
    ],
    "stateMutability": "view",
    "type": "function"
  },
  {
    "inputs": [
      {
        "internalType": "address",
        "name": "validatorAddress",
        "type": "address"
      }
    ],
    "name": "validatorWeights",
    "outputs": [
      {
        "internalType": "address[]",
        "name": "validators",
        "type": "address[]"
      },
      {
        "internalType": "uint256[]",
        "name": "weights",
        "type": "uint256[]"
      }
    ],
    "stateMutability": "view",
    "type": "function"
  },
  {
    "inputs": [
      {
        "internalType": "uint256",
        "name": "index",
        "type": "uint256"
      }
    ],
    "name": "validators",
    "outputs": [
      {
        "components": [
          {
            "internalType": "address",
            "name": "validatorAddress",
            "type": "address"
          },
          {
            "internalType": "address",
            "name": "ownerAddress",
            "type": "address"
          },
          {
            "internalType": "uint256",
            "name": "stakeAmount",
            "type": "uint256"
          },
          {
            "internalType": "enum IDataLiquidityPool.ValidatorStatus",
            "name": "status",
            "type": "uint8"
          },
          {
            "internalType": "uint256",
            "name": "firstBlockNumber",
            "type": "uint256"
          },
          {
            "internalType": "uint256",
            "name": "lastBlockNumber",
            "type": "uint256"
          },
          {
            "internalType": "uint256",
            "name": "grantedAmount",
            "type": "uint256"
          },
          {
            "internalType": "uint256",
            "name": "lastVerifiedFile",
            "type": "uint256"
          }
        ],
        "internalType": "struct IDataLiquidityPool.ValidatorInfoResponse",
        "name": "",
        "type": "tuple"
      }
    ],
    "stateMutability": "view",
    "type": "function"
  },
  {
    "inputs": [],
    "name": "validatorsCount",
    "outputs": [
      {
        "internalType": "uint256",
        "name": "",
        "type": "uint256"
      }
    ],
    "stateMutability": "view",
    "type": "function"
  },
  {
    "inputs": [
      {
        "internalType": "address",
        "name": "validatorAddress",
        "type": "address"
      }
    ],
    "name": "validatorsInfo",
    "outputs": [
      {
        "components": [
          {
            "internalType": "address",
            "name": "validatorAddress",
            "type": "address"
          },
          {
            "internalType": "address",
            "name": "ownerAddress",
            "type": "address"
          },
          {
            "internalType": "uint256",
            "name": "stakeAmount",
            "type": "uint256"
          },
          {
            "internalType": "enum IDataLiquidityPool.ValidatorStatus",
            "name": "status",
            "type": "uint8"
          },
          {
            "internalType": "uint256",
            "name": "firstBlockNumber",
            "type": "uint256"
          },
          {
            "internalType": "uint256",
            "name": "lastBlockNumber",
            "type": "uint256"
          },
          {
            "internalType": "uint256",
            "name": "grantedAmount",
            "type": "uint256"
          },
          {
            "internalType": "uint256",
            "name": "lastVerifiedFile",
            "type": "uint256"
          }
        ],
        "internalType": "struct IDataLiquidityPool.ValidatorInfoResponse",
        "name": "",
        "type": "tuple"
      }
    ],
    "stateMutability": "view",
    "type": "function"
  },
  {
    "inputs": [
      {
        "internalType": "uint256",
        "name": "fileId",
        "type": "uint256"
      },
      {
        "internalType": "bool",
        "name": "valid",
        "type": "bool"
      },
      {
        "internalType": "uint256",
        "name": "score",
        "type": "uint256"
      },
      {
        "internalType": "uint256",
        "name": "authenticity",
        "type": "uint256"
      },
      {
        "internalType": "uint256",
        "name": "ownership",
        "type": "uint256"
      },
      {
        "internalType": "uint256",
        "name": "quality",
        "type": "uint256"
      },
      {
        "internalType": "uint256",
        "name": "uniqueness",
        "type": "uint256"
      },
      {
        "components": [
          {
            "internalType": "uint256",
            "name": "tweetId",
            "type": "uint256"
          },
          {
            "internalType": "uint256",
            "name": "userId",
            "type": "uint256"
          },
          {
            "internalType": "uint256",
            "name": "score",
            "type": "uint256"
          }
        ],
        "internalType": "struct IDataLiquidityPool.TweetInfo[]",
        "name": "tweets",
        "type": "tuple[]"
      }
    ],
    "name": "verifyFile",
    "outputs": [],
    "stateMutability": "nonpayable",
    "type": "function"
  },
  {
    "inputs": [],
    "name": "version",
    "outputs": [
      {
        "internalType": "uint256",
        "name": "",
        "type": "uint256"
      }
    ],
    "stateMutability": "pure",
    "type": "function"
  }
]
